{
  "param":
  {
    "DetectMultiBackend::model.model.0.conv.weight":[8,3],
    "DetectMultiBackend::model.model.0.conv.bias":[8,3],
    "DetectMultiBackend::model.model.1.conv.weight":[8,7],
    "DetectMultiBackend::model.model.1.conv.bias":[8,4],
    "DetectMultiBackend::model.model.2.cv1.conv.weight":[8,7],
    "DetectMultiBackend::model.model.2.cv1.conv.bias":[8,5],
    "DetectMultiBackend::model.model.2.m.0.cv1.conv.weight":[8,5],
    "DetectMultiBackend::model.model.2.m.0.cv1.conv.bias":[8,4],
    "DetectMultiBackend::model.model.2.m.0.cv2.conv.weight":[8,6],
    "DetectMultiBackend::model.model.2.m.0.cv2.conv.bias":[8,4],
    "DetectMultiBackend::model.model.2.cv2.conv.weight":[8,6],
    "DetectMultiBackend::model.model.2.cv2.conv.bias":[8,5],
    "DetectMultiBackend::model.model.2.cv3.conv.weight":[8,7],
    "DetectMultiBackend::model.model.2.cv3.conv.bias":[8,4],
    "DetectMultiBackend::model.model.3.conv.weight":[8,9],
    "DetectMultiBackend::model.model.3.conv.bias":[8,5],
    "DetectMultiBackend::model.model.4.cv1.conv.weight":[8,7],
    "DetectMultiBackend::model.model.4.cv1.conv.bias":[8,6],
    "DetectMultiBackend::model.model.4.m.0.cv1.conv.weight":[8,5],
    "DetectMultiBackend::model.model.4.m.0.cv1.conv.bias":[8,5],
    "DetectMultiBackend::model.model.4.m.0.cv2.conv.weight":[8,8],
    "DetectMultiBackend::model.model.4.m.0.cv2.conv.bias":[8,5],
    "DetectMultiBackend::model.model.4.m.1.cv1.conv.weight":[8,6],
    "DetectMultiBackend::model.model.4.m.1.cv1.conv.bias":[8,5],
    "DetectMultiBackend::model.model.4.m.1.cv2.conv.weight":[8,7],
    "DetectMultiBackend::model.model.4.m.1.cv2.conv.bias":[8,5],
    "DetectMultiBackend::model.model.4.cv2.conv.weight":[8,6],
    "DetectMultiBackend::model.model.4.cv2.conv.bias":[8,5],
    "DetectMultiBackend::model.model.4.cv3.conv.weight":[8,8],
    "DetectMultiBackend::model.model.4.cv3.conv.bias":[8,5],
    "DetectMultiBackend::model.model.5.conv.weight":[8,8],
    "DetectMultiBackend::model.model.5.conv.bias":[8,5],
    "DetectMultiBackend::model.model.6.cv1.conv.weight":[8,8],
    "DetectMultiBackend::model.model.6.cv1.conv.bias":[8,6],
    "DetectMultiBackend::model.model.6.m.0.cv1.conv.weight":[8,6],
    "DetectMultiBackend::model.model.6.m.0.cv1.conv.bias":[8,5],
    "DetectMultiBackend::model.model.6.m.0.cv2.conv.weight":[8,9],
    "DetectMultiBackend::model.model.6.m.0.cv2.conv.bias":[8,6],
    "DetectMultiBackend::model.model.6.m.1.cv1.conv.weight":[8,6],
    "DetectMultiBackend::model.model.6.m.1.cv1.conv.bias":[8,5],
    "DetectMultiBackend::model.model.6.m.1.cv2.conv.weight":[8,8],
    "DetectMultiBackend::model.model.6.m.1.cv2.conv.bias":[8,5],
    "DetectMultiBackend::model.model.6.m.2.cv1.conv.weight":[8,7],
    "DetectMultiBackend::model.model.6.m.2.cv1.conv.bias":[8,5],
    "DetectMultiBackend::model.model.6.m.2.cv2.conv.weight":[8,7],
    "DetectMultiBackend::model.model.6.m.2.cv2.conv.bias":[8,5],
    "DetectMultiBackend::model.model.6.cv2.conv.weight":[8,7],
    "DetectMultiBackend::model.model.6.cv2.conv.bias":[8,5],
    "DetectMultiBackend::model.model.6.cv3.conv.weight":[8,8],
    "DetectMultiBackend::model.model.6.cv3.conv.bias":[8,5],
    "DetectMultiBackend::model.model.7.conv.weight":[8,9],
    "DetectMultiBackend::model.model.7.conv.bias":[8,5],
    "DetectMultiBackend::model.model.8.cv1.conv.weight":[8,9],
    "DetectMultiBackend::model.model.8.cv1.conv.bias":[8,6],
    "DetectMultiBackend::model.model.8.m.0.cv1.conv.weight":[8,6],
    "DetectMultiBackend::model.model.8.m.0.cv1.conv.bias":[8,5],
    "DetectMultiBackend::model.model.8.m.0.cv2.conv.weight":[8,9],
    "DetectMultiBackend::model.model.8.m.0.cv2.conv.bias":[8,5],
    "DetectMultiBackend::model.model.8.cv2.conv.weight":[8,8],
    "DetectMultiBackend::model.model.8.cv2.conv.bias":[8,6],
    "DetectMultiBackend::model.model.8.cv3.conv.weight":[8,8],
    "DetectMultiBackend::model.model.8.cv3.conv.bias":[8,6],
    "DetectMultiBackend::model.model.9.cv1.conv.weight":[8,8],
    "DetectMultiBackend::model.model.9.cv1.conv.bias":[8,5],
    "DetectMultiBackend::model.model.9.cv2.conv.weight":[8,8],
    "DetectMultiBackend::model.model.9.cv2.conv.bias":[8,3],
    "DetectMultiBackend::model.model.10.conv.weight":[8,7],
    "DetectMultiBackend::model.model.10.conv.bias":[8,5],
    "DetectMultiBackend::model.model.13.cv1.conv.weight":[8,7],
    "DetectMultiBackend::model.model.13.cv1.conv.bias":[8,5],
    "DetectMultiBackend::model.model.13.m.0.cv1.conv.weight":[8,7],
    "DetectMultiBackend::model.model.13.m.0.cv1.conv.bias":[8,4],
    "DetectMultiBackend::model.model.13.m.0.cv2.conv.weight":[8,8],
    "DetectMultiBackend::model.model.13.m.0.cv2.conv.bias":[8,5],
    "DetectMultiBackend::model.model.13.cv2.conv.weight":[8,8],
    "DetectMultiBackend::model.model.13.cv2.conv.bias":[8,6],
    "DetectMultiBackend::model.model.13.cv3.conv.weight":[8,7],
    "DetectMultiBackend::model.model.13.cv3.conv.bias":[8,5],
    "DetectMultiBackend::model.model.14.conv.weight":[8,8],
    "DetectMultiBackend::model.model.14.conv.bias":[8,6],
    "DetectMultiBackend::model.model.17.cv1.conv.weight":[8,8],
    "DetectMultiBackend::model.model.17.cv1.conv.bias":[8,6],
    "DetectMultiBackend::model.model.17.m.0.cv1.conv.weight":[8,6],
    "DetectMultiBackend::model.model.17.m.0.cv1.conv.bias":[8,5],
    "DetectMultiBackend::model.model.17.m.0.cv2.conv.weight":[8,7],
    "DetectMultiBackend::model.model.17.m.0.cv2.conv.bias":[8,5],
    "DetectMultiBackend::model.model.17.cv2.conv.weight":[8,7],
    "DetectMultiBackend::model.model.17.cv2.conv.bias":[8,6],
    "DetectMultiBackend::model.model.17.cv3.conv.weight":[8,5],
    "DetectMultiBackend::model.model.17.cv3.conv.bias":[8,4],
    "DetectMultiBackend::model.model.18.conv.weight":[8,9],
    "DetectMultiBackend::model.model.18.conv.bias":[8,5],
    "DetectMultiBackend::model.model.20.cv1.conv.weight":[8,7],
    "DetectMultiBackend::model.model.20.cv1.conv.bias":[8,5],
    "DetectMultiBackend::model.model.20.m.0.cv1.conv.weight":[8,7],
    "DetectMultiBackend::model.model.20.m.0.cv1.conv.bias":[8,5],
    "DetectMultiBackend::model.model.20.m.0.cv2.conv.weight":[8,7],
    "DetectMultiBackend::model.model.20.m.0.cv2.conv.bias":[8,5],
    "DetectMultiBackend::model.model.20.cv2.conv.weight":[8,7],
    "DetectMultiBackend::model.model.20.cv2.conv.bias":[8,6],
    "DetectMultiBackend::model.model.20.cv3.conv.weight":[8,6],
    "DetectMultiBackend::model.model.20.cv3.conv.bias":[8,4],
    "DetectMultiBackend::model.model.21.conv.weight":[8,9],
    "DetectMultiBackend::model.model.21.conv.bias":[8,5],
    "DetectMultiBackend::model.model.23.cv1.conv.weight":[8,7],
    "DetectMultiBackend::model.model.23.cv1.conv.bias":[8,6],
    "DetectMultiBackend::model.model.23.m.0.cv1.conv.weight":[8,6],
    "DetectMultiBackend::model.model.23.m.0.cv1.conv.bias":[8,6],
    "DetectMultiBackend::model.model.23.m.0.cv2.conv.weight":[8,8],
    "DetectMultiBackend::model.model.23.m.0.cv2.conv.bias":[8,6],
    "DetectMultiBackend::model.model.23.cv2.conv.weight":[8,7],
    "DetectMultiBackend::model.model.23.cv2.conv.bias":[8,5],
    "DetectMultiBackend::model.model.23.cv3.conv.weight":[8,8],
    "DetectMultiBackend::model.model.23.cv3.conv.bias":[8,5],
    "DetectMultiBackend::model.model.24.m.0.weight":[8,8],
    "DetectMultiBackend::model.model.24.m.0.bias":[8,3],
    "DetectMultiBackend::model.model.24.m.1.weight":[8,8],
    "DetectMultiBackend::model.model.24.m.1.bias":[8,3],
    "DetectMultiBackend::model.model.24.m.2.weight":[8,8],
    "DetectMultiBackend::model.model.24.m.2.bias":[8,3]
  },
  "output":
  {
    "DetectMultiBackend::input_0":[8,6],
    "DetectMultiBackend::DetectMultiBackend/DetectionModel[model]/Conv[model]/Conv[0]/LeakyReLU[act]/input.4":[8,2],
    "DetectMultiBackend::DetectMultiBackend/DetectionModel[model]/Conv[model]/Conv[1]/LeakyReLU[act]/input.7":[8,2],
    "DetectMultiBackend::DetectMultiBackend/DetectionModel[model]/C3[model]/C3[2]/Conv[cv1]/LeakyReLU[act]/input.10":[8,4],
    "DetectMultiBackend::DetectMultiBackend/DetectionModel[model]/C3[model]/C3[2]/Sequential[m]/Bottleneck[0]/Conv[cv1]/LeakyReLU[act]/input.13":[8,4],
    "DetectMultiBackend::DetectMultiBackend/DetectionModel[model]/C3[model]/C3[2]/Sequential[m]/Bottleneck[0]/Conv[cv2]/LeakyReLU[act]/11012":[8,3],
    "DetectMultiBackend::DetectMultiBackend/DetectionModel[model]/C3[model]/C3[2]/input.18":[8,3],
    "DetectMultiBackend::DetectMultiBackend/DetectionModel[model]/C3[model]/C3[2]/Conv[cv3]/LeakyReLU[act]/input.21":[8,4],
    "DetectMultiBackend::DetectMultiBackend/DetectionModel[model]/Conv[model]/Conv[3]/LeakyReLU[act]/input.24":[8,5],
    "DetectMultiBackend::DetectMultiBackend/DetectionModel[model]/C3[model]/C3[4]/Conv[cv1]/LeakyReLU[act]/input.27":[8,6],
    "DetectMultiBackend::DetectMultiBackend/DetectionModel[model]/C3[model]/C3[4]/Sequential[m]/Bottleneck[0]/Conv[cv1]/LeakyReLU[act]/input.30":[8,4],
    "DetectMultiBackend::DetectMultiBackend/DetectionModel[model]/C3[model]/C3[4]/Sequential[m]/Bottleneck[0]/Conv[cv2]/LeakyReLU[act]/11179":[8,5],
    "DetectMultiBackend::DetectMultiBackend/DetectionModel[model]/C3[model]/C3[4]/Sequential[m]/Bottleneck[0]/input.33":[8,5],
    "DetectMultiBackend::DetectMultiBackend/DetectionModel[model]/C3[model]/C3[4]/Sequential[m]/Bottleneck[1]/Conv[cv1]/LeakyReLU[act]/input.36":[8,5],
    "DetectMultiBackend::DetectMultiBackend/DetectionModel[model]/C3[model]/C3[4]/Sequential[m]/Bottleneck[1]/Conv[cv2]/LeakyReLU[act]/11235":[8,4],
    "DetectMultiBackend::DetectMultiBackend/DetectionModel[model]/C3[model]/C3[4]/input.41":[8,4],
    "DetectMultiBackend::DetectMultiBackend/DetectionModel[model]/C3[model]/C3[4]/Conv[cv3]/LeakyReLU[act]/input.44":[8,5],
    "DetectMultiBackend::DetectMultiBackend/DetectionModel[model]/Conv[model]/Conv[5]/LeakyReLU[act]/input.47":[8,5],
    "DetectMultiBackend::DetectMultiBackend/DetectionModel[model]/C3[model]/C3[6]/Conv[cv1]/LeakyReLU[act]/input.50":[8,6],
    "DetectMultiBackend::DetectMultiBackend/DetectionModel[model]/C3[model]/C3[6]/Sequential[m]/Bottleneck[0]/Conv[cv1]/LeakyReLU[act]/input.53":[8,4],
    "DetectMultiBackend::DetectMultiBackend/DetectionModel[model]/C3[model]/C3[6]/Sequential[m]/Bottleneck[0]/Conv[cv2]/LeakyReLU[act]/11402":[8,5],
    "DetectMultiBackend::DetectMultiBackend/DetectionModel[model]/C3[model]/C3[6]/Sequential[m]/Bottleneck[0]/input.56":[8,5],
    "DetectMultiBackend::DetectMultiBackend/DetectionModel[model]/C3[model]/C3[6]/Sequential[m]/Bottleneck[1]/Conv[cv1]/LeakyReLU[act]/input.59":[8,5],
    "DetectMultiBackend::DetectMultiBackend/DetectionModel[model]/C3[model]/C3[6]/Sequential[m]/Bottleneck[1]/Conv[cv2]/LeakyReLU[act]/11458":[8,5],
    "DetectMultiBackend::DetectMultiBackend/DetectionModel[model]/C3[model]/C3[6]/Sequential[m]/Bottleneck[1]/input.62":[8,5],
    "DetectMultiBackend::DetectMultiBackend/DetectionModel[model]/C3[model]/C3[6]/Sequential[m]/Bottleneck[2]/Conv[cv1]/LeakyReLU[act]/input.65":[8,5],
    "DetectMultiBackend::DetectMultiBackend/DetectionModel[model]/C3[model]/C3[6]/Sequential[m]/Bottleneck[2]/Conv[cv2]/LeakyReLU[act]/11514":[8,4],
    "DetectMultiBackend::DetectMultiBackend/DetectionModel[model]/C3[model]/C3[6]/input.70":[8,4],
    "DetectMultiBackend::DetectMultiBackend/DetectionModel[model]/C3[model]/C3[6]/Conv[cv3]/LeakyReLU[act]/input.73":[8,5],
    "DetectMultiBackend::DetectMultiBackend/DetectionModel[model]/Conv[model]/Conv[7]/LeakyReLU[act]/input.76":[8,5],
    "DetectMultiBackend::DetectMultiBackend/DetectionModel[model]/C3[model]/C3[8]/Conv[cv1]/LeakyReLU[act]/input.79":[8,6],
    "DetectMultiBackend::DetectMultiBackend/DetectionModel[model]/C3[model]/C3[8]/Sequential[m]/Bottleneck[0]/Conv[cv1]/LeakyReLU[act]/input.82":[8,4],
    "DetectMultiBackend::DetectMultiBackend/DetectionModel[model]/C3[model]/C3[8]/Sequential[m]/Bottleneck[0]/Conv[cv2]/LeakyReLU[act]/11681":[8,4],
    "DetectMultiBackend::DetectMultiBackend/DetectionModel[model]/C3[model]/C3[8]/input.87":[8,4],
    "DetectMultiBackend::DetectMultiBackend/DetectionModel[model]/C3[model]/C3[8]/Conv[cv3]/LeakyReLU[act]/input.90":[8,5],
    "DetectMultiBackend::DetectMultiBackend/DetectionModel[model]/SPPF[model]/SPPF[9]/Conv[cv1]/LeakyReLU[act]/11767":[8,4],
    "DetectMultiBackend::DetectMultiBackend/DetectionModel[model]/SPPF[model]/SPPF[9]/MaxPool2d[m]/11781":[8,4],
    "DetectMultiBackend::DetectMultiBackend/DetectionModel[model]/SPPF[model]/SPPF[9]/MaxPool2d[m]/11795":[8,4],
    "DetectMultiBackend::DetectMultiBackend/DetectionModel[model]/SPPF[model]/SPPF[9]/input.93":[8,4],
    "DetectMultiBackend::DetectMultiBackend/DetectionModel[model]/SPPF[model]/SPPF[9]/Conv[cv2]/LeakyReLU[act]/input.96":[8,5],
    "DetectMultiBackend::DetectMultiBackend/DetectionModel[model]/Conv[model]/Conv[10]/LeakyReLU[act]/input.99":[8,5],
    "DetectMultiBackend::DetectMultiBackend/DetectionModel[model]/Concat[model]/Concat[12]/input.100":[8,5],
    "DetectMultiBackend::DetectMultiBackend/DetectionModel[model]/C3[model]/C3[13]/Conv[cv1]/LeakyReLU[act]/input.103":[8,5],
    "DetectMultiBackend::DetectMultiBackend/DetectionModel[model]/C3[model]/C3[13]/Sequential[m]/Bottleneck[0]/Conv[cv1]/LeakyReLU[act]/input.106":[8,5],
    "DetectMultiBackend::DetectMultiBackend/DetectionModel[model]/C3[model]/C3[13]/input.111":[8,5],
    "DetectMultiBackend::DetectMultiBackend/DetectionModel[model]/C3[model]/C3[13]/Conv[cv3]/LeakyReLU[act]/input.114":[8,5],
    "DetectMultiBackend::DetectMultiBackend/DetectionModel[model]/Conv[model]/Conv[14]/LeakyReLU[act]/input.117":[8,5],
    "DetectMultiBackend::DetectMultiBackend/DetectionModel[model]/Concat[model]/Concat[16]/input.118":[8,5],
    "DetectMultiBackend::DetectMultiBackend/DetectionModel[model]/C3[model]/C3[17]/Conv[cv1]/LeakyReLU[act]/input.121":[8,6],
    "DetectMultiBackend::DetectMultiBackend/DetectionModel[model]/C3[model]/C3[17]/Sequential[m]/Bottleneck[0]/Conv[cv1]/LeakyReLU[act]/input.124":[8,5],
    "DetectMultiBackend::DetectMultiBackend/DetectionModel[model]/C3[model]/C3[17]/input.129":[8,5],
    "DetectMultiBackend::DetectMultiBackend/DetectionModel[model]/C3[model]/C3[17]/Conv[cv3]/LeakyReLU[act]/input.132":[8,4],
    "DetectMultiBackend::DetectMultiBackend/DetectionModel[model]/Concat[model]/Concat[19]/input.135":[8,5],
    "DetectMultiBackend::DetectMultiBackend/DetectionModel[model]/C3[model]/C3[20]/Conv[cv1]/LeakyReLU[act]/input.138":[8,5],
    "DetectMultiBackend::DetectMultiBackend/DetectionModel[model]/C3[model]/C3[20]/Sequential[m]/Bottleneck[0]/Conv[cv1]/LeakyReLU[act]/input.141":[8,5],
    "DetectMultiBackend::DetectMultiBackend/DetectionModel[model]/C3[model]/C3[20]/input.146":[8,5],
    "DetectMultiBackend::DetectMultiBackend/DetectionModel[model]/C3[model]/C3[20]/Conv[cv3]/LeakyReLU[act]/input.149":[8,4],
    "DetectMultiBackend::DetectMultiBackend/DetectionModel[model]/Concat[model]/Concat[22]/input.152":[8,5],
    "DetectMultiBackend::DetectMultiBackend/DetectionModel[model]/C3[model]/C3[23]/Conv[cv1]/LeakyReLU[act]/input.155":[8,5],
    "DetectMultiBackend::DetectMultiBackend/DetectionModel[model]/C3[model]/C3[23]/Sequential[m]/Bottleneck[0]/Conv[cv1]/LeakyReLU[act]/input.158":[8,5],
    "DetectMultiBackend::DetectMultiBackend/DetectionModel[model]/C3[model]/C3[23]/input.163":[8,4],
    "DetectMultiBackend::DetectMultiBackend/DetectionModel[model]/C3[model]/C3[23]/Conv[cv3]/LeakyReLU[act]/input":[8,4],
    "DetectMultiBackend::DetectMultiBackend/DetectionModel[model]/Detect[model]/Detect[24]/Conv2d[m]/ModuleList[0]/12540":[8,2],
    "DetectMultiBackend::DetectMultiBackend/DetectionModel[model]/Detect[model]/Detect[24]/Conv2d[m]/ModuleList[1]/12587":[8,2],
    "DetectMultiBackend::DetectMultiBackend/DetectionModel[model]/Detect[model]/Detect[24]/Conv2d[m]/ModuleList[2]/12634":[8,2]
  },
  "input":
  {

  }
}